Date,From,Subject,Category,Action,SizeMB,Unsubscribe
2025-07-19T11:56:20-07:00,"""Facebook"" <notification@priority.facebookmail.com>",You have 52 notifications about Sutharsan and others,newsletter,archive,0.03,<https://www.facebook.com/o.php?k=AS2yqU3JFhmPYlWWyug&u=100043343738567&mid=63a4c82148567G5afd27f736c7G63a4ccbaa8839G32b&ee=Af9x4zCf00-wwaDEGazQKalj4cxwQa_JZtazlpzRHC36eFkf0AtHef8U129LoiG49IZAzk89hqkjH1dROLvpuj6519OR>
2025-07-20T11:22:01+00:00,"""LinkedIn"" <notifications-noreply@linkedin.com>",You appeared in 3 searches,newsletter,archive,0.03,<https://www.linkedin.com/comm/psettings/email-unsubscribe?lipi=urn%3Ali%3Apage%3Aemail_email_notification_single_search_appearance_01%3Bb%2F3QfuqWTZS38njZzmjLAQ%3D%3D&midToken=AQE_aVK4eowFUQ&midSig=2GUhWKoEJaQbQ1&trk=eml-email_notification_single_search_appearance_01-unsub-0-unsub&trkEmail=eml-email_notification_single_search_appearance_01-unsub-0-unsub-null-corjmi~mdbl78mo~ri-null-null&eid=corjmi-mdbl78mo-ri&loid=AQHY1uJ5Ot3dEQAAAZgnkcOuJU9OhPt1ejM4fvfigCduo4ReE29C4Lo3C_13GDrI8FWEv-e3QyNBYyeqHvBgPrCqiqdyyei1ESixmFzWfO4h36vCRpbDjg>
2025-07-21T16:19:45+05:30,"""redBus"" <greetings@travel.e-redbus.in>","Pooraja V, you feel like taking a solo trip?",newsletter,archive,0.02,"<https://unsub-cee.netcorecloud.net/vtrack?ul=VwpVB1wFBlVPBkVGRF8DUhYSDEJCBABLWF4GVHlUDFlZWBhQWVxJSUwF&ml=UA1QAlIHA1NPB0VK&sl=JkUpczBLZjFPZHRiSlUJXgsKTURGABNcVUhVSUtWBVpFRxhaWE0F&clientid=69014&c=000>, <mailto:uns-traveleredbus-69014-44627001-33379257-i-0d1349adf18e6ef3e5f7622ad5e76335@travel.e-redbus.in?subject=Unsubscribe>"
2025-07-21T14:43:59+00:00,"""Daniel Miessler"" <unsupervised-learning@mail.beehiiv.com>",Unsupervised Learning NO. 490,newsletter,archive,0.18,"<mailto:6af6184f-358e-47dc-8501-ddfd3b0a8928+c9d50fb8-cf39-4df4-887c-651cc604084a+58277d90-c65c-4236-8996-e876cabe2e4f@unsub.beehiiv.com>, <https://newsletter.danielmiessler.com/unsubscribe/eyJ0eXAiOiJKV1QiLCJhbGciOiJIUzI1NiJ9.eyJzdWJzY3JpYmVyX2lkIjoiYzlkNTBmYjgtY2YzOS00ZGY0LTg4N2MtNjUxY2M2MDQwODRhIiwicG9zdF9pZCI6IjU4Mjc3ZDkwLWM2NWMtNDIzNi04OTk2LWU4NzZjYWJlMmU0ZiIsImxhc3RfcmVzb3VyY2VfZ3VpZCI6IlBvc3Q6NTgyNzdkOTAtYzY1Yy00MjM2LTg5OTYtZTg3NmNhYmUyZTRmIn0.tdRIezvoKz_RCj1nNm2a6LeyrC3SQyEzWfUYfIfCbDU>"
2025-07-21T11:33:11-07:00,"""Facebook Friend Suggestions"" <friendsuggestion@facebookmail.com>",üë§ Keerthana is a new friend suggestion for you,newsletter,archive,0.02,<https://www.facebook.com/email/oneclick/unsubscribe?identifier=AeLv8gN2YSERqIkEE90TqrbcaKIQChHYIFXmNLBwdWvRRRs8LAjWp4O7QiB8kd2GbZ9ZGit1Iog-95pQICHfjWuytLLa80_OgAMiyxekWU1BoWtjZ_8lzPsXn0VEjlokc28Cm0Fad0eSxr1CkCzNYABP0t3892aHxEAWEc_L0wiz-Yo_UgI92zxyg_WOlaa63ENOZZRO11sQOFBbMwkZsMr-Ox31tLjpaeUNoFXU9O6RONRXQ32tML9mxxFqKRgtRAYtBL8yQ2IMmlWa49c7cxkae7cYGNBFCeH54oQrvstFQWJ8OuHSEaqO_ZlgJ7gAYtyJCy1Az1pZJr8UQTbX0Dg>
2025-07-21T20:35:28-07:00,"""The Linux Foundation"" <no-reply@linuxfoundation.org>",üö® Standard Pricing Ends Today‚ÄìDon‚Äôt Miss OS Summit India!,newsletter,archive,0.09,"<mailto:1axdog6w4vzyxm6hjsfk8nmlway6vqvbedv7lm@8112310m.linuxfoundation.org?subject=unsubscribe>, <https://hs-8112310.s.hubspotemail.net/subscription-preferences/v2/unsubscribe-all?data=W2nXS-N30h-M2W3bytK_3z1fWpW41z7Kq1VsZg6W1SpQhm30K4xhW3QQq-h212653W3VMXGh365mrWW1BhlpC45C_PjW4mqWlG38l6HKW4kDVbQ3jnBQDW4r973G3ZDTldW45TjPc20YFk8W3QBMr-2xKH55W3BLd9v2CLZ48W4rgZL84mv9qfW2zM2sr4fwfRtW3yZ-FX2Yf1rlW3bwr5v3QQVbmW1XwjbD2FJbs7W2WPRzw2p4c3gW1YWYHp2TQwy2W2D0vLl3gqYr6W2KQPMY3NLTlXW1SgJnd47L4sZW3VJd5J3_ZxslW45z9Wf2HWbr5W2HH4t334Hpc7W1QcbRg3P6kXNW3yR3Vh1BpFHtW383vn02Pvnl9W43Dd-52Pw_N6W1VgCFT3drZhnW3R5c8q2-lHppW2WN-cn1YZSMbW3dyl2M3jshrVW43Rwlw45P9y8W41WW7x3F4DTrW2308nv3NF2TdW2YwFf61T_BxYW4fQXZj3_HzvWW3drxv22KC92DW2WrF1b2TwBgSW1_v34j4ttFk5W1Qzjnf3_LVfwW4mDgZ_2FBNRCW1Sgp3r4m9xwrW3NTZG243JNn5W24X2VH36v_2NW34kFmB2TLMjgW4mGm9f2RwTmXW3dnz4t2RkPdRW2nW9R64cGQbgW3JRQJM3QWsdyf3bv8x504>"
2025-07-21T22:47:16-07:00,"""Fahim at Educative"" <fahim.u@educative.io>",Want to get hired in 2025? Do this.,newsletter,archive,0.08,"<mailto:1axc4ilii43uw3e6v9lcfulnvm1db0jbhxafsq@4740448m.educative.io?subject=unsubscribe>, <https://learn.educative.io/hs/subscription-preferences/v2/unsubscribe-all?data=W2nXS-N30h-FZW4tFh_J3W1T5GW2Ft88M3jmMZjW32cf-m49DvVnW253nW14crGKXW45Wt6f1S9kTsW2q_rxZ2t04v5W45qzMW1ZnT48W3_GfMs2p8kTSW2FBLt22sKJ0GW3GXhjy2vZkGQW49BmJx1XmNWmW2Rlj-f4rz06ZW1V01HR2D1k3GW1-ZFTm3VYTHCW3bBbJn45n-6dW2F_qgb1Lrj5GW2KCztS2r7lX0W1SjTYX2RBCMvW21nT3s3gwQZBW2-Dhz22MnhXhW1QyZ3d36cGxXW2WFWcS3XT-7QW2TPGmk4cktw_W4kx0rD2TBPL7W1_l5lX4ph5VBW20Yfww45r5z7W23b9f92qLbBfW30JfYm1SrWhXW2-qTFg47v9v9W2KSVYk3yX0kGW3bq2dc2YFlsCW36lgC14k8vxdW4fJDTp3yYLhQW4pbdJp3Fb3lzW2KSz5W2TjMXvW4pmMyn3LHp5BW3W0Jwl34lWGFW3W0G7-2PG9yHW30kcLP1Z4Zc7W3F4DCX1_4KLDW3JJmDj30zCfCW45LK5v2HZYx_W2y02g247Mn99W4kppdq2CZ6M3W2qS6pw3Fd75sW3gwwyp25nRRfW21h00P3dkKJTW3X-QtR3R6y7NW47V1Hs45NS0gW3Vwzlt41TlXKf3LTPC_04>"
2025-07-22T14:38:34+00:00,"""Microsoft"" <microsoft-noreply@microsoft.com>","Action required: Make a purchase by September 20, 2025 to continue using your tenant",other,keep,0.03,
2025-07-22T17:46:49-07:00,"""Kaggle"" <noreply@kaggle.com>",Kaggle Benchmarks: Introducing Community-Driven Evaluation,newsletter,archive,0.03,<https://c.gle/ANiao5ovpo-1Xb9Q8AWjAZ5Mdn0hu1wZh-azjTbEt3KXrFXoKfwIooIXUkoDIAFxNs_GOVleaB06G9FCa9ii31x2y7i90nO6kXAXoZxL70DNWpiddK0nxzf_TUHS6NtajKffEBEzHPQEgY-hMGfnPnTrxKgItQh3vvonoNfzInKksZPru7NJIyS9z6L77IoMwA8tHmp4Di5HpJQPt_DKB8e7j5w84PMpJPPfeQ>
2025-07-23T13:18:23+00:00,"""Team Jio"" <JioTV@mailer.jio.com>","Jab Aami Jagti Hai, Andhera Thartharata Hai!",newsletter,archive,0.02,"<https://u19648731.ct.sendgrid.net/lu/unsubscribe?oc=u001.SW9JxMZ1MgxSbuAEdAnYnYe1_mdLYMwVwlUjYdfTYioJZFIErF1djJ-HEOVDdVP-06ICHkQeEq7wmVzgdF0RfY4CJRQm5V1XnbD6o7gqbQzK4r2wRUR7FGzpYpjfEdAZisULq4JfEi19BelxLJaBzXknYMs33TVUVmA4avMLKj5SZyshlSXCe26ztrp7sDSXxqLmgD2sJcRuU4aJxK8xKnEQvcHS3XpQ-QvLLqd3iU4KG9gsOrQp94ghyLavIZUjkM26d0u_hok-i9FaaV3YSYKR0op_Or4iyvg02_B5Fljnvf6osHIjH91prb1wA8n7HNI1C50cBz63bKpR6m6GJ0H3d6O3P3u7Ti8VR3YYElG_Iwh3ZGTvXVfw6QDH9b-y67kft2xyvzQkF6JX8UrM6Tmz_8V462Eee6FMBulN50AX_MLS5PscCBS4_RdhyhIXDD_jQ_w29pwK7xro1ipMvOSYYcZ2Wamv2kH7Lgq-JOfWiWsaq67UrmB-6veYAVyu1PVv2nDVnq7vt54e4kevH_N67t3n-uHiZyy_l-UF8J51t4zhHidDJb8njn-eDgmYdF0e49xj5xaU2wFknkYjMudjSb96TW5lUM54ZNsGBBSXe9nQzqIQi8uuSmrCFJvYR7G0IyPQBYSpkzAVJ9gcehpVJvBA3tOj7qeET5rRjJlb2EPpYr33QFvecE4_sj6B_Qkv8sTQepckpdFyMd7dfQ1NAclTLFtbr1QnlJObIY2DMoqYVdoxdmWg9JgomxS3HM14xV-jgWaCnxy_1uPn9-aTsUBsrVPvPGhM0imI7kaw-mZ1-PDAkPGMwycJRNP9WhP6SFo-89OA43caG1GWTg>,<mailto:unsubscribe@em6439.mailer.jio.com?subject=http://link.mailer.jio.com/mt/u/u001.0xph-2QOjhrxX1IwKx5shTaYOYWNNYi6eqY17zTxEGKfwSIQUtWR29MJsqaaGfWT/4if/u001.N0gBYbEl/u001.Itqu0GLKx96iqffUrgU98v-2Ft8XBB-2F-2Bpy7PGqSq-2FStYy76g4Tt-2FYN6mnfxA3py-2F8z3BIpHjvXciNhdYxV-2FqVCKCGBPWsO1AsTXDNOTEVPBa-2BAZss9cS2QlvbyczYd-2FfmBhj-2BMtuxxJY43yduwFLmaodCXpg86dQCogwz-2BP6FwRsc2H1lhxoonb1Qq6x5GBFj7Z516-2Bwk2F8hAwTRZu3ng2qrBvH9Y-2FETqS5ex4HPy-2B7YVCjAOMGqeh5RII3LxwQ-2BHJB04QHr6gVzT-2FJp-2B-2FCMe0lXXQ7sIRcYmIPEq9XxSf8gzwPZLHH4qWmkv1y-2FSA7NZW-2Bn6Mswc3z6Zkib8aXQkwb5PGWD1pki-2F7qS9G2us9JoPDfhtAyPuRckwxta2eO5WzU-2FAr5aiupjd-2BjiAMgL-2B71DeaxPbJvp3PmAqXc76QFZX1MtybUUOYlztWpu-2FDDTtmxl0brANjw9g3rEYy7KCFAvcQRHDDiaj3YsyWm9UkWGAzGYlLNC8C9JJTF6NBhQWi-2F3Hbqk-2Bd4xykM-2Fzbp-2Bteg-3D-3D/u001.fLwKCDvc>"
2025-07-23T10:16:00-07:00,"""Surya on Facebook"" <close_friend_updates@facebookmail.com>",Surya Krishna added a new video,newsletter,archive,0.02,<https://www.facebook.com/email/oneclick/unsubscribe?identifier=AeKJixW-UIIdPLedkiXPDGKUvL75kV3B6QoEDc-wKsAuelXs6l7IQI75g9ML4IrEeBjqwklMEniPp9VmUlAmjvMqFJfLNc3n2002lhB9b7lOvWomqCsLOOpRpAmhC0Tp97o7WC72WGybNuss1K_uFOYpQ9sXLunkNbZnB92Vh3n39maQyZKPY_FI8ch7KOxvC2CCWXqf0PpuZVHqy39Bla_MF69LZUoHA_UtDxf02d3bAsqD0iXBGSqhOOgDUT7k0crU19aBqNyIzSx3G1APdaP3548tu4P-B0FgxN50kIKZhWBupiyXUNBUQitr_wJr9T7CpaQ_uewA1GMEMgT5qaQHiGAvZiB_xhas>
2025-07-23T13:11:29-07:00,"""The Educative Team"" <support@educative.io>",4 AI Agents courses have been added to the catalog,other,keep,0.03,
2025-07-23T15:11:22-07:00,"""Kaggle"" <noreply@kaggle.com>",Competition Launch: Jigsaw - Agile Community Rules Classification,newsletter,archive,0.03,<https://c.gle/ANiao5qi6HB0BUzKEQletiLaCI1_IhUjLnSP_9ZFup2QMdiN3JqhjLcE6HFUyGu8iyxpIpnyQPmmj9JxYnzJkN6pe-xgscUluz-6ZCK7RBWACZ2Ptcmum1iJznyxAhyVJJ-opFSAN7o28J9QkAz8MJfVNFIrKJu-TTG8XZszy_HZspWPRGYDRobKXxfr8-ZtNa3zGlciuOqxPzxiZepc7-Gq>
2025-07-23T20:31:47-07:00,"""CNCF Events"" <no-reply@cncf.io>",‚è≥ Tickets Selling Fast: Build Your KubeCon + CloudNativeCon Agenda!,newsletter,archive,0.09,"<mailto:1axcs7fxrezgmgevan5oi7jlbfkomr2q80ambe@8112310m.linuxfoundation.org?subject=unsubscribe>, <https://hs-8112310.s.hubspotemail.net/subscription-preferences/v2/unsubscribe-all?data=W2nXS-N30h-zDW2KQtWN30twyhW2-dR4G3XTZxDW2RvByF3gpGNgW3gvfl41S9P4cW3VBlRj3GSt4VW3XR5PP38dfvwW3jwDJ72w2NMyW3gxlNq253kXFW4hKLmw3F6HtLW1Z8llc3P5X9mW1BnKsS3_XXsqW1SsL7F4fGCWSW3M9rPl1SbcPtW2vCZK51V1H3tW4fGCcd2r89PpW2vYr0K47MnD3W22V6Yf3_vz7_W3ZDT4k2525L7W1SsN9k1LGgYhW216d-L236QCLW36tnSz3XwnqNW4hKfX11BKgV-W1_7fll2t6Lr_W3NMfqQ3gs8s8W3M2lp-45HqYCW3b1Dvc3dc0zYW2Wp-p31Zq4mMW2FLJhd3DMgrTW38nFzp2Yny6lW1Xcsjt4kD6hgW2t01cJ43yWFtW2HGf-m1NhZZYW47vyBx3j85RvW30jP6b1SzyCxW23pT262Pty6xW2FRc0S2MmxR8W2xtNXp1BlHtzW23qfWv2CN91tW34HN752qG6SRW45pP9y2MyXK_W218mb-36FV19W2zKTbJ4msvc8W1Zw5cp49z90bW3K53Kw3ZxXyCW25n0XJ4p9PbDW3Xwp_S41RJLfW3bgBQ53JDg66W3dkDgJ2vJcKYW3F8m4J1Xj0LfW2zYvr241rw-VW3dtxDm3GYrRMf23ncKy04>"
2025-07-24T15:33:21+05:30,"""redBus"" <greetings@travel.e-redbus.in>",Important message for Independence Day! üì£,newsletter,archive,0.02,"<https://unsub-cee.netcorecloud.net/vtrack?ul=VwpVB1wFBlVPBkVGRF8DUhYSDEJCBABLWF4GVHlUDFlZWBhQWVxJSUwF&ml=UA1RCFEHA1NPB0VK&sl=JkUpczBLZjFPZHRiSlUJXgsKTURGABNcVUhVSUtWBVpFRxhaWE0F&clientid=69014&c=000>, <mailto:uns-traveleredbus-69014-44784001-33379257-i-0d1349adf18e6ef3e5f7622ad5e76335@travel.e-redbus.in?subject=Unsubscribe>"
2025-07-24T14:32:28+00:00,"""Clint Gibler"" <clint@tldrsec.com>","[tl;dr sec] #289 - AI-powered Fuzzing, Incentives in Security, Malware in DNS",newsletter,archive,0.12,"<mailto:080a561f-2435-4477-a549-ab9f115e047c+c9d50fb8-cf39-4df4-887c-651cc604084a+4d74fe3b-4520-45c6-b63f-e51200eaea1f@unsub.beehiiv.com>, <https://tldrsec.com/unsubscribe/eyJ0eXAiOiJKV1QiLCJhbGciOiJIUzI1NiJ9.eyJzdWJzY3JpYmVyX2lkIjoiYzlkNTBmYjgtY2YzOS00ZGY0LTg4N2MtNjUxY2M2MDQwODRhIiwicG9zdF9pZCI6IjRkNzRmZTNiLTQ1MjAtNDVjNi1iNjNmLWU1MTIwMGVhZWExZiIsImxhc3RfcmVzb3VyY2VfZ3VpZCI6IlBvc3Q6NGQ3NGZlM2ItNDUyMC00NWM2LWI2M2YtZTUxMjAwZWFlYTFmIn0.WWv9Ml1xEKZH_5oTH4Jo-a67GCc5MNwFG9kf1vFhtsc>"
2025-07-24T23:13:43-07:00,"""Fahim at Educative"" <fahim.u@educative.io>",‚úÖ Introducing: Mockinterviews.dev,newsletter,archive,0.03,"<mailto:1axdl9bxjdj3p3c5mr98kces6evxd9tub1qsfu@4740448m.educative.io?subject=unsubscribe>, <https://learn.educative.io/hs/subscription-preferences/v2/unsubscribe-all?data=W2nXS-N30h-GhW3K6KRz1BsvXNW1XvsVr2vJ_ZxW4kr1h63NSG8gW4mnmhC45XcwcW2HJn022PKpKbW2KQRmt2xL471W4cH-M73d9ldtW4p9Lnr3T4-wlW1S4hZP38wdMgW1Vw3n81Z6Cq9W4hFws53DL4s2W3Xv_Jf1Q6cLcW2zXbyt2MT9gSW47Mj_S2r87qzW2nNYrS1XtDdDW4cwpXL2v-_FXW1Z5R5G1BHb3PW3NGH1_3zk6cDW2-wszl3zbs5sW2575z_2qSVNBW1NnBj61QvfwDW1QfFC149NkqzW2Kqb123V-xpsW3jl6K33XYL16W49j2gt4pB1QHW1VcDxg2r3BYpW3VNp_r3P2Yr0W38hzXw3VPcgkW2qDRPD2xGjM0W3P1J4f3QSw3wW1LmxTj3__bx0W3XxKl42-fLw9W23f_Rl2YM9bDW41Dwh32-nNRKW36Gq4C4pKxmqW3QSyVN2CCrXBW1VfMrW3F4BBcW235Gbr1ShZ4tW3XwRtK47wPzjW3VWVt030rWj4W32Js_z4mnPtdW3LHMBq3jshVyW2WfG2G3JKgqVW32Jstt47zkm2W1V1J7r1_l83NW1VbRl_3LP5NTW3_-S73218mRkW2CsvW81Bd1vFW2HmY0L2r5HHnW30HShl2WdWC1f3NMfBV04>"
2025-07-25T12:26:42+00:00,"""Matt Johansen"" <vulnu@vulnu.mattjay.com>",üéìÔ∏è Vulnerable U | #126,newsletter,archive,0.11,"<mailto:71c1f7f0-15e9-4f22-932a-e61c0932a9e2+c9d50fb8-cf39-4df4-887c-651cc604084a+a52b4e8b-855d-45d3-afa1-2b1f76fc0280@unsub.beehiiv.com>, <https://www.vulnu.com/unsubscribe/eyJ0eXAiOiJKV1QiLCJhbGciOiJIUzI1NiJ9.eyJzdWJzY3JpYmVyX2lkIjoiYzlkNTBmYjgtY2YzOS00ZGY0LTg4N2MtNjUxY2M2MDQwODRhIiwicG9zdF9pZCI6ImE1MmI0ZThiLTg1NWQtNDVkMy1hZmExLTJiMWY3NmZjMDI4MCIsImxhc3RfcmVzb3VyY2VfZ3VpZCI6IlBvc3Q6YTUyYjRlOGItODU1ZC00NWQzLWFmYTEtMmIxZjc2ZmMwMjgwIn0.2wSFTLFHvU0BbhzCkUSrOralesADlebOEH-KJ6ponGU>"
2025-07-25T11:48:18-07:00,"""Facebook"" <notification@priority.facebookmail.com>",You have 61 notifications about Sutharsan and others,newsletter,archive,0.03,<https://www.facebook.com/o.php?k=AS3hlVObKWGKNWEYVPs&u=100043343738567&mid=63ac518f9b216G5afd27f736c7G63ac5628fb4e8G32b&ee=Af9U0Zc75fR6eqgXe2fHsxwiirD7yFy337ZFBy-weT3rOIokciUJCfVt9_Eqd5y7HdY5Mo_Xdbfcgwpcplh3BFB_Vu86>
2025-07-25T22:52:17-07:00,"""Fahim at Educative"" <fahim.u@educative.io>",Only 2% of teams are using AI agents ‚Äî that's your advantage.,newsletter,archive,0.06,"<mailto:1axcqpksaccxz6lm34keu7yxgxlv8o7wnyrlg6@4740448m.educative.io?subject=unsubscribe>, <https://learn.educative.io/hs/subscription-preferences/v2/unsubscribe-all?data=W2nXS-N30h-H9W2qRGMd32Kkg4W1BMNFM2WsY3VW1XpT8K4kDs62W36xdjC3Y1dLpW3dsJwB22_PmDW3BPYCj2RCPt9W2Tggm34tkk5qW3y_cQ-3SSNFfW1Lg-Zv3gnLxYW2KDsH_3M62tpW3M6qS03NH6PRW3JSkm71Znm6lW4mFxkm30FmkGW1L8h483NW7RjW38mlx13P8pMyW3M6w2K1_sP4MW3XMLDD2zskrrW3QKWWZ3j5dKTW2zV9dZ2nYcM0W4hhR0M2B1y0yW34FMVz4mGj5mW2xB4Gz45Hm88W347KGJ1SzZnKW4rg9Nj1LnlBhW3C9nBv2PK3yMW36cD-b1_nxJQW4kDqPL2Myy-WW2vNK5w2w1YRBW4cBDhC3gxjY1W36d2D61XwgPLW3FcLfT32j_wcW3jwg612qV5C8W1Npq9c2MmTFwW3J-kR52TpT7VW4hwVlN1SBQz0W4mbNBm2C_HYxW2HznHQ3SKc7PW3ddHzj3jvPFNW1Xf5lg4rpfsRW3B_p4x2TQw5bW2MBDgV2MwV-tW43BDD43dr-PlW38cNSV3LHlchW49D43b2YKwtcW34lz2l4txxBQW2zLKt645mhldW4hv6Dr1N3X4YW1V20Tv2t3nrJW3LPc2z36DMg4W4tvQlz2HsxDSf218PyL04>"
2025-07-26T13:02:36+05:30,"""redBus"" <greetings@travel.e-redbus.in>","Buses, Trains and now Hotels too! üôå",newsletter,archive,0.02,"<https://unsub-cee.netcorecloud.net/vtrack?ul=VwpVB1wFBlVPBkVGRF8DUhYSDEJCBABLWF4GVHlUDFlZWBhQWVxJSUwF&ml=UA1eB1cHA1NPB0VK&sl=JkUpczBLZjFPZHRiSlUJXgsKTURGABNcVUhVSUtWBVpFRxhaWE0F&clientid=69014&c=000>, <mailto:uns-traveleredbus-69014-44872001-33379257-i-0d1349adf18e6ef3e5f7622ad5e76335@travel.e-redbus.in?subject=Unsubscribe>"
2025-07-28T10:32:40-07:00,"""Kaggle"" <no-reply@kaggle.com>",Competition Launch: Mitsui & Co. Commodity Prediction,newsletter,archive,0.03,<https://c.gle/ANiao5oaZPfuOxme50_BzOla65vz9CScIRJW6cDW7al1PEs9fVpWyYQf6P9kI3X6h-xKKhSbGrlDGsTVLt_6MZ3c2v18frflk1mD0lToR27JOuLuQaK11tX2qYeK-zl2diGVkiZm1wS6BYpZvSwWuDcxXOwJxXc3SCgcSz93HzPjzbh89EZ2K01CsIf32j_pSs-r3BsOaW6KIbUULI0hDC3CcdpqhQ>
2025-07-28T20:53:46+00:00,"""Grammarly"" <hello@mail.grammarly.com>",Send the right message at work,newsletter,archive,0.08,"<https://links.iterable.com/s/u/AFJEw2Zn7jqcKdlDn95OtX0XM2iUCoXURP6oCALntgbR4R78F4RWm1mymfNoBpWwYFsiEa2nI9uChhedSlHtcaJrOibkGWLUtGhWaMnNN-OjXl6fxbyesk5jmAqvuBP9N8nJXIFIuMNkwbuRy8Xf0jQ-2TAaVrQFzkux9bPGwGzu0JLvV1IlYBurf-gDQTokJl-h4SdFPi5j3nen/WT-uRKgY27awVJpYrc-10X0oO_aXv3MY/11>,<mailto:unsubscribe+14346158+18769279@unsubscribe.iterable.com>"
2025-07-28T22:43:40+00:00,"""Daniel Miessler"" <unsupervised-learning@mail.beehiiv.com>",Unsupervised Learning NO. 491,newsletter,archive,0.16,"<mailto:6af6184f-358e-47dc-8501-ddfd3b0a8928+c9d50fb8-cf39-4df4-887c-651cc604084a+f0b53b5a-732f-44f3-8a41-21ffcfc17b4d@unsub.beehiiv.com>, <https://newsletter.danielmiessler.com/unsubscribe/eyJ0eXAiOiJKV1QiLCJhbGciOiJIUzI1NiJ9.eyJzdWJzY3JpYmVyX2lkIjoiYzlkNTBmYjgtY2YzOS00ZGY0LTg4N2MtNjUxY2M2MDQwODRhIiwicG9zdF9pZCI6ImYwYjUzYjVhLTczMmYtNDRmMy04YTQxLTIxZmZjZmMxN2I0ZCIsImxhc3RfcmVzb3VyY2VfZ3VpZCI6IlBvc3Q6ZjBiNTNiNWEtNzMyZi00NGYzLThhNDEtMjFmZmNmYzE3YjRkIn0._igQLg5K_myKla-eITUWI1CUHxXaTF32oyY_Szp0foo>"
2025-07-29T00:51:54-07:00,"""Fahim at Educative"" <fahim.u@educative.io>",Your 7-step AI upskilling roadmap,newsletter,archive,0.09,"<mailto:1axdnhcd73kra4wqxrsbjisk4tn64vdgwp8z8q@4740448m.educative.io?subject=unsubscribe>, <https://learn.educative.io/hs/subscription-preferences/v2/unsubscribe-all?data=W2nXS-N30h-H0W4fhzC83btS7ZW41zv3L2H-kZFW3DVlkp2q_1q-W1BFwnj3LGwx3W348yNT2xByBcW1QCnnr3BPDjQW3C7jhK4cgW9dW4thbCZ1-Y212W1_7HKf49t-HxW4tyh7X2RPlD1W4kLJ8x2RwRFkW38gmTG1S8ZcBW1X6p1736tmZXW2Rg78v49vpvNW2t3pRH20X1T1W43WDyZ2Wj8J4W3VRGcJ2p6LdfW2PxV573C6YL6W45XkmQ3QP9F8W3z0t2y3-1XqnW3C8v0W2MSn0QW3K4cs71_mpkYW365Ttv38mlxnW2zz6Sz45GX9XW36hP5r1SBlFBW4cp_zz3Xw1FhW2KRKR31ZmZJtW4mF7kG25jJhtW3Z-dcw2v_TVfW49ylpm2-bk2-W2Ry5-73bhSkCW20T7zn1QsVMxW25jD8C30KXXGW4cL3QT47xdyfW4krsL54pCh2rW3zfJ8f2RlHPMW2z_Tr123qGMLW30sJXS3XH7DWW2RTX_G236W9PW4crgYx3zdXglW2Wg2Y24r7Ws4W1Qs5lB3yNtZpW3f-kPD4kbCRXW4kBqz61N7hJNW38lsdg2-drsNW1SxxMX32F_bqW3R2Nzb1L99gsW3_B_1Z2s-L0nW4fQ1qd1Vzp4MW3b25S81_f2BMf2547-t04>"
2025-07-29T12:30:57-07:00,"""Kaggle"" <noreply@kaggle.com>",Competition Launch: RSNA Intracranial Aneurysm Detection,newsletter,archive,0.03,<https://c.gle/ANiao5pCn7j3yR9_MRL9ylJIrtxTUOBTEknTAbi0lmceUKtUEWlKKSEL3tB9qmFRmW_dFIiyWpm5qaA6wxksDpvp28gEM-1ksrbuHImEFn45K_ZhEAL3Lx3UglgKpy6OfUtzIASRGUUp6WQvXyp1tNs17EG-r3lJPMgCmAwCzkZIL0wrktJs0HANzavyDri7zSKe30rxabqiwkzE0d3VPfJ3vw>
2025-07-29T20:57:41-07:00,"""The Linux Foundation"" <no-reply@linuxfoundation.org>",üéâ 6 Days Until India‚Äôs Open Source Summit Goes Live!,newsletter,archive,0.09,"<mailto:1axdd3dqs582lznbo4inbluyj76pxkb03cy3ay@8112310m.linuxfoundation.org?subject=unsubscribe>, <https://hs-8112310.s.hubspotemail.net/subscription-preferences/v2/unsubscribe-all?data=W2nXS-N30h-MPW36CQsx3gd2LpW3P5rbM2sPNyBW4r8LnR3GRcX_W1VpbFf21bPWwW2z_2Dx47Bx7VW49B0RD1Sf-w5W1V23G-3b4-rPW2KBPfw2MjZNKW2-knrD2y1FLMW4ftZTK216Cc4W3B_PJg3gxg0-W1NFjPP3_HBhSW3GRghV3CcX-TW43xGc43gblcvW1_vmTd4rxF_WW3c_QSt2y281VW23h8Cf23qHmKW38Cdsp4r9vGsW2KCbLM3g1D_WW2q_mZ63SH_1BW1S8yDs308wwtW47LW542zPdydW1Zd6by43T4PcW3Y3qyZ3jnZhYW237db13_FXjJW2MRyf34pFjD0W2vCC6L4mvGMYW3j7JWp2PQWb6W4fhbJ53f_Bc4W3h_Nby3LFjM1W1LlkQv1QyxqcW45SXQ92-wsScW3H7ltg4cj9myW36kx1d212VZWW1Q5SQQ45FHtfW2KQvxV4hF4KFW1W_Nlc1BqS6QW2FJZ-d4ctkQpW1XxXsC2KVDP7W1Vpzyl3LP6zsW3_w0n72n__vPW23kfNZ45C--PW3bs94w3NN-dsW3gmC-Y2vC9GJW2HFy7X4fyfywW2RSPWg2r7f1SW1X2ff62B15qpW4ryV_14fqF8vW3d3tS71ZqRjzW2RRs__2WFzkHW4kB1d93P1cyJf23f8JL04>"
2025-07-31T00:32:26+05:30,<notification@jio.com>,Current plan Rs 349_28D_2GB/D for Jio Number 6374039708 is about to expire,other,keep,0.0,
2025-07-30T12:51:34-07:00,"""The Educative Team"" <support@educative.io>",Two Windsurf AI courses have been added to the catalog,other,keep,0.03,
2025-07-30T12:59:41-07:00,"""Kaggle"" <no-reply@kaggle.com>",Announcing Writeups: Tell the full story behind your data science,newsletter,archive,0.02,<https://c.gle/ANiao5rtsHVbV6LwNIH26tQr5iWHJOCY8hWm-wCrSEZAUavvwfu-XwB5hZHSxtV21YTKLy8bwQQesC-s-ZxSMmDe0AOQSgHtE7D2e79ZCmrrxCNGQhB6ezqZHxJpcq3bHtQ2EmppDKFhH_E7ay5QROP9I9bjEoVATviZV2CXs3TYdOQRekV2_jso7ihIchd-i6d3BNShEm0kfYss7X-b-SULhjXZ>
2025-07-30T20:50:36-07:00,"""CNCF Events"" <no-reply@cncf.io>",‚ö†Ô∏è¬† Almost Full: KubeCon + CloudNativeCon India Final Registration Reminder!,newsletter,archive,0.09,"<mailto:1axc46qi7fcydjzx5c6n0kdb7cexaxjmt6pt9m@8112310m.linuxfoundation.org?subject=unsubscribe>, <https://hs-8112310.s.hubspotemail.net/subscription-preferences/v2/unsubscribe-all?data=W2nXS-N30h-zPW3R1W722HsZDqW45BSs62576X8W1W_K_r41YvqHW3z7-QJ3VRK1ZW3z2YkJ1XxSqGW2B0dqV2TQ0w9W2TwbbB4fglHgW1QkrkN2-d0hGW1N3Z-V2sN4d5W23mn8R2TKsTGW3JW7vP3_Yl-QW4kNqcD2r89K1W309Lyv2YHrK6W2CvZLd4mCvk2W1L7VGY4fzw3PW2qWRBf3zjhTwW2FXgpc3SNBLfW3_Z50b2-s5spW2HtLNq47wPGHW3VWsMm233Z52W4ry6Fy1Sf-f3W3DTBBK4ry6h7W3Cgpq24ck2NqW36B9zt3ZxWXVW1Q6cc849CDp0W4hFTBJ2CJnL1W217t5D3LPd1gW2G0g-51QvzgJW3SBw-92Pn4vzW4pGZnb3b1hMQW3_ShZ41SBSBCW366HsZ3LXhnPW4md1DV3F4FhJW1_884h2KK2xjW3d8Vp34kvVsbW43JRVf1Xt8WPW2KqB023y__kmW4p5C2s2t7vyPW3CbCNF2MWJn8W3ZW1QH4m72bzW4pzbZR4fKsgkW20W6fH3DMGl9W3S-qqL1VrhJ_W252v002KBpKSW4mL8wC2Pk_HJW3g2y4b3VQqSHW45RkwX38bzK7W3NV01523nyhJW3dqGfc2r10VhW2CWcYY2WQh84W2KQ0J_4fJfvBf1_36lD04>"
2025-07-31T14:32:26+00:00,"""Clint Gibler"" <clint@tldrsec.com>","[tl;dr sec] #290 - Securing MCP, AppSec Archetypes, CISO's Guide to Protecting Crown Jewels",newsletter,archive,0.13,"<mailto:080a561f-2435-4477-a549-ab9f115e047c+c9d50fb8-cf39-4df4-887c-651cc604084a+35baf1fb-99f2-495c-99af-61037007c8fb@unsub.beehiiv.com>, <https://tldrsec.com/unsubscribe/eyJ0eXAiOiJKV1QiLCJhbGciOiJIUzI1NiJ9.eyJzdWJzY3JpYmVyX2lkIjoiYzlkNTBmYjgtY2YzOS00ZGY0LTg4N2MtNjUxY2M2MDQwODRhIiwicG9zdF9pZCI6IjM1YmFmMWZiLTk5ZjItNDk1Yy05OWFmLTYxMDM3MDA3YzhmYiIsImxhc3RfcmVzb3VyY2VfZ3VpZCI6IlBvc3Q6MzViYWYxZmItOTlmMi00OTVjLTk5YWYtNjEwMzcwMDdjOGZiIn0.7Zjg2C5WtNvLIZLU9e5wv8Wnlf-SbxzAwNv4zsZ4Vsw>"
2025-07-31T21:01:58+05:30,<notification@jio.com>,Plan Rs 349_28D_2GB/D expired for Jio Number 6374039708,other,keep,0.0,
2025-07-31T15:39:03+00:00,"""roadmap.sh"" <roadmap@email.roadmap.sh>","AI Guides, Quizzes, Revamped Roadmaps & More",newsletter,archive,0.03,<https://subscriptions.pstmrk.it/unsubscribe?m=1.G4ycC2QC0zDmr4QXlfiosw.Z8UBXyhPYdGsKrCOH49FU8nMGnxFQetwAF3AHzOmjgFe6KKRuOIZ3dJzmYnwMH9QL1IxlMCCPxg2kDakUJ3vWBkEZV-8uSG2GJpyamUuhNtpulTmdxNBLcJ2Ou7kQqyC9O50HGD0T0yjsxPu5b_LXd1RZVGIzecAuqLIm_xTMzZcVG9UcQxUdvmheAAeAv_Xm_eQt47a0tO_OnsWSxMUhh46ExEldJtg1zByUqcHrVuxu67uYECvWLguoWdJskt1hZ7TqPTkgaU6tiu2hG0zBzNzBFM0uz5LCiMBhHASOrnLKc7ksAg_p8vR_aG2OD_vzViU06yLyy1Ys_br44SLlfrAifG1Jrzlb1GJRRM8G3-Qc1ITcU0dKIlrJaMkhoQmwFoiY4pr0os-Ftya3yg2OOF-l3s7CiO0lUsj7nSZeE64rzHA79-RA-TpVwCAs9-Nk0-2DXE6TE4pJJCQqPLHuqmiRDRbyG0B-gn8dY_mR0JZmKZ_KSzpJd0zAM8CQM0kWFu63ARs0TQzCzy4ZHGnJqFdByrKrqoXx_-Kk5wT4OtqALsV_RsALppkShuSdnSINXxw1cqovJFjmrHkX8QtHxq6PcPbhuf9aAbVI54CKlNn1EsC0LZXgQBUaDpL56kV8SzfDhlX_2C7zMlpoivH3DxwGfAq_aWaYBXFD3kYjzY>
2025-08-01T10:05:57-04:00,"""TED Community"" <no-reply@ted.com>",Discover new features with your TED account,newsletter,archive,0.06,"<https://link.ted.com/oc/62d19b641c794c328c7eaac0o9a1b.jkfk/900936a4>,<mailto:unsubscribe_20250801100557.40743695.912944@mx.sailthru.com>"
2025-08-02T00:58:51-07:00,"""Zach at Educative"" <zach.m@educative.io>","Learn, I extended your offer",newsletter,archive,0.03,"<mailto:1axdfq7f3ly0q1wve8q07rzovuxpkur51d7zwa@4740448m.educative.io?subject=unsubscribe>, <https://learn.educative.io/hs/subscription-preferences/v2/unsubscribe-all?data=W2nXS-N30h-RVW4prryG2KCH5YW4kCHlb2HShbqW2Wqndx1V8h6KW4rH-Ct1NgJvmW3DMkCK36d4F7W2TQWCb4fxYftW43FtHf3SQgTBW3LWmNX4hvd92W4fvTMB4mJ1qmW3b3fFS30lx3dW30BS2W1W-WtwW3_RxkV2p7zrtW2CHDtv1QytV0W1LBBMG1V75z-W3QRL0d2y1gF5W3zb2Hl21ks7QW4ckWrg3QZMDzW2RQgjs2THkfjW1Vs6Sn1N7bZqW43zk6f3VGXg4W4hrHSw45XjvNW2-rf0y3Hc2WKW2sVlC23-1z5qW2-cbLH3XwrXDW2MDcBG3DXrXxW32DKVv2Kr5sdW2TLHwJ3DVMQRW3dfsTt3LWrX6W3DTBBT4kMZPZW38cnlR3M8Y2GW3ST5F72xW8F5W2w34-Z4rHbQNW4kFh8w3S-kD2W4tBRsx1VbM6lW3C85SG1X8YcVW1QmzTc2KNKSDW1BFtgk2D0v74W1ZbQ0v2zQ0NMW4kr49J3SLS0fW4fhcb_2KFH4zW2vLFVW3Cb_HyW2y3jyS2CVThyW3z2XV42Hyrv6W4tBs9k3drTtnW3GYvhC4mH_RNW343XzX2YcnH9W2nYg5w1YX0LjW2qDsH62Ry1NNW1LnjXx2HTZ-HW2zXDx_4cqs3Xf4cR7hl04>"
2025-08-03T11:30:54+05:30,<Notification@Jio.com>,Recharge successful for Jio Number 6374039708,other,keep,0.01,
2025-08-04T17:35:00+05:30,"""redBus"" <greetings@travel.e-redbus.in>","Pooraja V, we‚Äôve got your Friday plans sorted",newsletter,archive,0.02,"<https://unsub-cee.netcorecloud.net/vtrack?ul=VwpVB1wFBlVPBkVGRF8DUhYSDEJCBABLWF4GVHlUDFlZWBhQWVxJSUwF&ml=UAxUAl0HA1NPB0VK&sl=JkUpczBLZjFPZHRiSlUJXgsKTURGABNcVUhVSUtWBVpFRxhaWE0F&clientid=69014&c=000>, <mailto:uns-traveleredbus-69014-45228001-33379257-i-0d1349adf18e6ef3e5f7622ad5e76335@travel.e-redbus.in?subject=Unsubscribe>"
2025-08-04T15:03:12+00:00,"""Steven"" <steven@mydfir.com>",Inside the MyDFIR SOC Community,newsletter,archive,0.01,<https://services.msgsndr.com/emails/builder/unsubscribe-view/5uhv1Sjm1qBn8mq5tI3L/CWe7QYaZIklSEDmHt8fQ?email=professorveera860@gmail.com&message_id=fxFitdCzjceVz28OLqZe&template_id=6884fdaaa1fc2f0ea403c5a8>
2025-08-04T12:35:50-07:00,"""Kaggle"" <no-reply@kaggle.com>",Introducing Kaggle Game Arena: Where AI Models Compete,newsletter,archive,0.03,<https://c.gle/ANiao5olQKBhITHNUHV7nOQK2kOgPQfzybEY9kslA5tyNFxNGNSYaWPqC-FFTmzJmSI_U0vTZ5vUPevxVfZ73rHNfgmwgH11HzZrUthNHfG1yFQb9DoW7U5l987VRxLVpCtFOPtElf69Mc0XtZ05UJluhvheR3r3TyPUcPtKyU8qc1dtrUdyXPH0EW1mKjPugEk2L-TYmkfUqwW1xA6MJPLFJnIeTpJxIl4y8C4>
2025-08-04T20:50:02+00:00,"""Grammarly"" <hello@mail.grammarly.com>",Streamline how you work,newsletter,archive,0.08,"<https://links.iterable.com/s/u/F0ieeVI7EMDUL6W4T3VN6PhRSCY5UeD3-HRb9j8gD-IOv2Y8eb4vMWVq4uusSZ5wROMyhf-40yQX4cUX7iHLUnd7SCW9GDrOg_QTsHnkQi6R4sYgSidKfHATAeggACVSogQsNh44JPeHVyxcLhlknn0M7zGfLPINbEs4KD9gemg17v7BRdNPPtACFB159QtJOrrUDmsM5NExXnYF/ez7rrZ_Ht3ijTVLJ4AQtZnduFJPdM1Py/11>,<mailto:unsubscribe+14346228+18723464@unsubscribe.iterable.com>"
2025-08-05T12:18:34+00:00,"""TryHackMe"" <donotreply@tryhackme.com>",[25% Off] An entire year of learning for the cost of 6 months üí∞,newsletter,archive,0.02,"<mailto:32.MRTVISZRKFKUYQKOKRCVSTSQIVMUCR2ZMVUXITCCOZSWG42WKRXU4YLXK5KWYVJ5@unsubscribe2.customer.io>, <https://e.customeriomail.com/unsubscribe/dgTK1QULANTEYNPEYAGYeitLBvecsVToNawWUlU=>"
2025-08-06T13:58:42-07:00,"""The Educative Team"" <support@educative.io>",A new System Design guide has been added to your library,other,keep,0.02,
2025-08-05T13:31:01+00:00,"""Daniel Miessler"" <newsletter@unsupervised-learning.com>",Welcome to the Unsupervised Learning Newsletter,newsletter,archive,0.06,"<mailto:6af6184f-358e-47dc-8501-ddfd3b0a8928+c7d5e688-be52-4581-9711-d4e6e571c2fa@unsub.beehiiv.com>, <https://newsletter.danielmiessler.com/unsubscribe/eyJ0eXAiOiJKV1QiLCJhbGciOiJIUzI1NiJ9.eyJzdWJzY3JpYmVyX2lkIjoiYzdkNWU2ODgtYmU1Mi00NTgxLTk3MTEtZDRlNmU1NzFjMmZhIiwibGFzdF9yZXNvdXJjZV9ndWlkIjoiRW1haWxNZXNzYWdlOjcxZTEzYzQ5LTlhYzgtNDViMy05MDMyLWIyZDY4ODViMWY5YiJ9.IirWkU8x1hS2Gqpe1SyBJWl6XKRyROtinG-GFR9GqYw>"
2025-08-05T13:30:37+00:00,"""Clint at tl;dr sec"" <clint@tldrsec.com>",[tl;dr sec] Welcome! Security research coming your way üì´,newsletter,archive,0.05,"<mailto:080a561f-2435-4477-a549-ab9f115e047c+c7d5e688-be52-4581-9711-d4e6e571c2fa@unsub.beehiiv.com>, <https://tldrsec.com/unsubscribe/eyJ0eXAiOiJKV1QiLCJhbGciOiJIUzI1NiJ9.eyJzdWJzY3JpYmVyX2lkIjoiYzdkNWU2ODgtYmU1Mi00NTgxLTk3MTEtZDRlNmU1NzFjMmZhIiwibGFzdF9yZXNvdXJjZV9ndWlkIjoiRW1haWxNZXNzYWdlOjQ2OWZhMDhlLTIxNmQtNDNjNC1hZTE2LThiMTJmYWEzODQ4MyJ9.j0CHp9Wpvuombedfxadm9vLT6ayRzQ_E0_Uq8CQ9kt8>"
2025-08-05T13:29:08+00:00,"""Clint at tl;dr sec"" <clint@tldrsec.com>",One last thing...,newsletter,archive,0.01,"<mailto:080a561f-2435-4477-a549-ab9f115e047c+c7d5e688-be52-4581-9711-d4e6e571c2fa@unsub.beehiiv.com>, <https://tldrsec.com/unsubscribe/eyJ0eXAiOiJKV1QiLCJhbGciOiJIUzI1NiJ9.eyJzdWJzY3JpYmVyX2lkIjoiYzdkNWU2ODgtYmU1Mi00NTgxLTk3MTEtZDRlNmU1NzFjMmZhIn0.Eu0zJ4q6GSL6kvt6gb1fywQpOd2nfdWzEIsw9r4HPL8>"
2024-04-23T22:23:06-07:00,"""Instagram"" <no-reply@mail.instagram.com>",902765 is your Instagram code,other,keep,0.01,
2024-02-28T20:29:29+05:30,"""Renard Avinash"" <renardavinash@gmail.com>",Fwd: Resume-converted.pdf,personal,keep,0.15,
2023-05-28T04:06:27+00:00,"""HackThisSite"" <no-reply@hackthissite.org>",HackThisSite.org Registration,other,keep,0.0,
2025-08-16T17:28:09-07:00,"""Facebook"" <notification@priority.facebookmail.com>",You have 52 notifications about Sutharsan and others,newsletter,archive,0.03,<https://www.facebook.com/o.php?k=AS1IvCKk5AU7gZN4fzI&u=100043343738567&mid=63c8468a7a5acG5afd27f736c7G63c84b23da87eG32b&ee=Af-7I2zEseCcx4QBfvvD3HRKD_ABW1ehW5JgUYACKjUs99CF6PEANbcNVZTW6VKz9X8R7O81YFLJhO13Xro15xLGBzQO>
